-- Insert values into STUDENTS table
INSERT INTO STUDENTS VALUES ('gec21cs011', 'Manan', 'Rajkot', '9824105536', 'M');
INSERT INTO STUDENTS VALUES ('gec21cs024', 'Priya', 'Surat', '9106442718', 'F');
INSERT INTO STUDENTS VALUES ('gec22me047', 'Rohan', 'Ahmedabad', '7859663120', 'M');
INSERT INTO STUDENTS VALUES ('gec20ec038', 'Sneha', 'Vadodara', '9512078465', 'F');
INSERT INTO STUDENTS VALUES ('gec21ee052', 'Aditya', 'Bhavnagar', '9033551247', 'M');

-- Insert values into SEM_SECTION table
INSERT INTO SEM_SECTION VALUES ('5A', 5, 'A');
INSERT INTO SEM_SECTION VALUES ('3B', 3, 'B');
INSERT INTO SEM_SECTION VALUES ('7A', 7, 'A');
INSERT INTO SEM_SECTION VALUES ('2C', 2, 'C');
INSERT INTO SEM_SECTION VALUES ('4B', 4, 'B');
INSERT INTO SEM_SECTION VALUES ('4C', 4, 'C');

-- Insert values into CLASS_ENROLLMENT table
INSERT INTO CLASS_ENROLLMENT VALUES ('gec21cs011', '5A');
INSERT INTO CLASS_ENROLLMENT VALUES ('gec21cs024', '5A');
INSERT INTO CLASS_ENROLLMENT VALUES ('gec22me047', '3B');
INSERT INTO CLASS_ENROLLMENT VALUES ('gec20ec038', '7A');
INSERT INTO CLASS_ENROLLMENT VALUES ('gec21ee052', '3B');
INSERT INTO CLASS_ENROLLMENT VALUES ('gec21ee052', '4C');
INSERT INTO CLASS_ENROLLMENT VALUES ('gec21cs024', '4C');

-- Insert values into COURSES table
INSERT INTO COURSES VALUES ('21CS81', 'ML', 8, 4);
INSERT INTO COURSES VALUES ('21cs53', 'Dbms', 5, 4);
INSERT INTO COURSES VALUES ('21cs33', 'Dsa', 3, 4);
INSERT INTO COURSES VALUES ('21cs34', 'Coa', 3, 4);
INSERT INTO COURSES VALUES ('21cs158', 'Python', 5, 2);
INSERT INTO COURSES VALUES ('21cs71', 'Ai', 7, 4);

-- Insert values into INTERNAL_MARKS table
INSERT INTO INTERNAL_MARKS VALUES ('gec21cs011', '21cs53', '5A', 17, 20, 14, NULL);
INSERT INTO INTERNAL_MARKS VALUES ('gec21cs024', '21cs53', '5A', 16, 15, 18, NULL);
INSERT INTO INTERNAL_MARKS VALUES ('gec22me047', '21cs33', '3B', 11, 14, 17, NULL);
INSERT INTO INTERNAL_MARKS VALUES ('gec20ec038', '21cs71', '7A', 19, 18, 20, NULL);
INSERT INTO INTERNAL_MARKS VALUES ('gec21ee052', '21cs33', '3B', 15, 19, 18, NULL);
INSERT INTO INTERNAL_MARKS VALUES ('gec21ee052', '21cs53', '4C', 20, 18, 19, NULL);
